{"cameraMode":{"drawMode":0,"name":"Shaded","section":"Shading Mode"},"sceneLighting":false,"audioPlay":false,"sceneViewState":{"showFog":true,"showMaterialUpdate":false,"showSkybox":true,"showFlares":true,"showImageEffects":true,"showParticleSystems":true},"in2DMode":false,"pivot":{"x":4.403267860412598,"y":5.935468673706055,"z":75.14460754394531},"rotation":{"x":0.024648122489452363,"y":0.9539455771446228,"z":-0.08176164329051972,"w":0.2875768840312958},"size":74.01483917236328,"orthographic":true}