{"cameraMode":{"drawMode":0,"name":"Shaded","section":"Shading Mode"},"sceneLighting":true,"audioPlay":false,"sceneViewState":{"showFog":true,"showMaterialUpdate":false,"showSkybox":true,"showFlares":true,"showImageEffects":true,"showParticleSystems":true},"in2DMode":false,"pivot":{"x":-1.4648537635803223,"y":-2.1779563426971437,"z":-2.297541618347168},"rotation":{"x":-0.033460065722465518,"y":-0.9607510566711426,"z":0.13343174755573274,"w":-0.2409256249666214},"size":15.990188598632813,"orthographic":false}